,currency,equity,fixed_income,private_equity,gold,commodities_ex_gold,cash
2006-03-31,USD,0.0250691549,-0.0086748315,0.0490881147,0.0362047225,0.0279090010,0.0037491246
2006-04-30,USD,0.0305348827,-0.0014893948,0.0030278396,0.1203097771,0.0701755268,0.0034466336
2006-05-31,USD,-0.0425734881,-0.0019861116,-0.0568243051,-0.0132123679,-0.0039031896,0.0041578781
2006-06-30,USD,0.0020358450,-0.0016090786,-0.0004181178,-0.0467072031,-0.0086206840,0.0038425992
2006-07-31,USD,0.0083304787,0.0138886510,-0.0285795112,0.0315205017,0.0221343813,0.0040895107
2006-08-31,USD,0.0223929549,0.0159103017,0.0299942472,-0.0137745240,-0.0332559550,0.0041145503
2006-09-30,USD,0.0146079218,0.0101160935,0.0064166350,-0.0452721087,-0.0420000712,0.0037344322
2006-10-31,USD,0.0382206509,0.0068575153,0.0587497457,0.0129477122,0.0100208888,0.0042028740
2006-11-30,USD,0.0282699264,0.0106183433,0.0241368154,0.0688910623,0.0657296934,0.0039646106
2006-12-31,USD,0.0244523656,-0.0060042009,0.0037294245,-0.0183258319,-0.0231994087,0.0037605379
2007-01-31,USD,0.0131765603,-0.0007025361,0.0169169448,0.0256289000,-0.0240033027,0.0043848615
2007-02-28,USD,-0.0149636080,0.0162542042,-0.0065538108,0.0254512028,0.0508546452,0.0037642225
2007-03-31,USD,0.0224076901,-0.0019504404,0.0098029238,-0.0111312493,0.0067433262,0.0039635607
2007-04-30,USD,0.0412520651,0.0058972167,0.0162360409,0.0205354201,0.0074862368,0.0040320695
2007-05-31,USD,0.0326172812,-0.0091728976,0.0437208746,-0.0231032271,-0.0023465760,0.0039182754
2007-06-30,USD,-0.0047234906,-0.0037681849,-0.0143822338,-0.0193775443,0.0074480870,0.0035693411
2007-07-31,USD,-0.0238158271,0.0107307896,-0.0699643141,0.0236502933,0.0190660974,0.0041131490
2007-08-31,USD,0.0065145928,0.0127945710,0.0212715550,0.0110958461,-0.0190911902,0.0034726900
2007-09-30,USD,0.0525514375,0.0063286067,0.0189832318,0.1050812665,0.0942000601,0.0029423618
2007-10-31,USD,0.0354766527,0.0100792335,0.0284850552,0.0695143581,0.0850230739,0.0034527601
2007-11-30,USD,-0.0419679326,0.0180358823,-0.0688769144,-0.0165352710,-0.0062295313,0.0026331025
2007-12-31,USD,-0.0174564796,-0.0000922628,-0.0064493613,0.0664769712,0.0670422733,0.0025111581
2008-01-31,USD,-0.0694519141,0.0231293570,-0.0653492945,0.1084162326,0.0291508600,0.0022743479
2008-02-29,USD,-0.0150951839,-0.0016013025,-0.0293204713,0.0522975788,0.1114532167,0.0016685302
2008-03-31,USD,-0.0269511803,0.0012968899,-0.0066583480,-0.0599916472,-0.0091411154,0.0010343284
2008-04-30,USD,0.0796838722,0.0032764364,0.0455406344,-0.0415883418,0.0603857351,0.0010353240
2008-05-31,USD,0.0086382066,-0.0126524374,0.0457988792,0.0092324917,0.0690745683,0.0014143254
2008-06-30,USD,-0.0798732782,-0.0018489672,-0.0752643772,0.0451687217,0.1043156389,0.0015417567
2008-07-31,USD,-0.0315662764,0.0039396869,0.0367301591,-0.0144420095,-0.0978114197,0.0013490833
2008-08-31,USD,-0.0167151848,0.0074196072,0.0357548919,-0.0929174354,-0.0653466369,0.0013439904
2008-09-30,USD,-0.1226095513,-0.0175976782,-0.0775152194,0.0411210457,-0.1024894859,0.0009480888
2008-10-31,USD,-0.1840637453,-0.0228115457,-0.2095590275,-0.1613965370,-0.2508113671,0.0005131836
2008-11-30,USD,-0.0875632339,0.0302430947,-0.1192556971,0.1257359361,-0.1236709423,0.0001265349
2008-12-31,USD,0.0546519834,0.0666247527,0.0480575099,0.0773253552,-0.0326216483,0.0000132842
2009-01-31,USD,-0.1138189203,-0.0198657855,-0.0966695902,0.0553629346,-0.0443604841,0.0000869382
2009-02-28,USD,-0.0971106673,-0.0105536371,-0.1198290816,0.0144562450,-0.0562962762,0.0002134231
2009-03-31,USD,0.0921355738,0.0110296940,0.0775767745,-0.0253697349,0.0465724761,0.0001724422
2009-04-30,USD,0.1277803815,0.0051527674,0.1538643067,-0.0333407419,-0.0009999937,0.0001197772
2009-05-31,USD,0.1048507666,0.0070967419,0.0340060866,0.1023261218,0.1626625939,0.0001301751
2009-06-30,USD,-0.0151772515,0.0042074670,0.0181390853,-0.0521829189,-0.0262591288,0.0001393476
2009-07-31,USD,0.0942302290,0.0126903512,0.0917103747,0.0237990586,0.0185677221,0.0001444078
2009-08-31,USD,0.0296765039,0.0122038059,0.0293322203,0.0005356513,-0.0403646691,0.0001362005
2009-09-30,USD,0.0486362558,0.0118805868,0.0556262030,0.0583511441,-0.0022614570,0.0000915955
2009-10-31,USD,-0.0269938623,0.0022178905,-0.0649068570,0.0372281271,0.0693564308,0.0000527234
2009-11-30,USD,0.0539722884,0.0128629890,0.0312441715,0.1278650226,0.0453581532,0.0000346502
2009-12-31,USD,0.0187399609,-0.0188118758,0.0792478508,-0.0720339145,-0.0016220498,0.0000336912
2010-01-31,USD,-0.0529675642,0.0141494610,-0.0373157553,-0.0125803607,-0.0783916516,0.0000388948
2010-02-28,USD,0.0217226234,0.0019837607,0.0447514530,0.0327482187,0.0414279827,0.0000706545
2010-03-31,USD,0.0632941265,-0.0000672173,0.0823066684,-0.0043863964,-0.0046550226,0.0001249894
2010-04-30,USD,-0.0022981891,0.0097333443,0.0567846985,0.0588343629,0.0391156864,0.0001242970
2010-05-31,USD,-0.0937570035,0.0108243953,-0.0753666192,0.0305131469,-0.1014729949,0.0001149883
2010-06-30,USD,-0.0355818732,0.0176865533,-0.0774337901,0.0235531891,-0.0177596038,0.0001017248
2010-07-31,USD,0.0933509174,0.0085469101,0.0673088142,-0.0508711573,0.0611960322,0.0001218347
2010-08-31,USD,-0.0428119973,0.0128682601,-0.0744383354,0.0570612528,-0.0301441269,0.0001262183
2010-09-30,USD,0.0980942460,0.0000727625,0.1244530355,0.0477555844,0.0860359513,0.0001137627
2010-10-31,USD,0.0374916692,0.0015229781,0.0414819042,0.0368226981,0.0443801638,0.0001002152
2010-11-30,USD,-0.0218608527,-0.0083491126,0.0348507292,0.0211129781,-0.0043687423,0.0001136303
2010-12-31,USD,0.0779219055,-0.0067544076,0.0803329639,0.0243686538,0.0989230268,0.0001054189
2011-01-31,USD,0.0106811746,-0.0008511377,-0.0037065506,-0.0637976213,0.0355717926,0.0001201957
2011-02-28,USD,0.0310716829,0.0029052584,0.0554204864,0.0599831280,0.0417104124,0.0000935077
2011-03-31,USD,-0.0086097881,-0.0022307413,0.0252306637,0.0159813809,0.0265814489,0.0000746263
2011-04-30,USD,0.0481799161,0.0156749490,0.0263752996,0.0894465498,0.0455588039,0.0000369780
2011-05-31,USD,-0.0195299372,0.0123988989,-0.0179421822,-0.0179168853,-0.0517241306,0.0000256122
2011-06-30,USD,-0.0176105086,-0.0044524230,-0.0240451661,-0.0243250428,-0.0426445458,0.0000223254
2011-07-31,USD,-0.0227982813,0.0168668098,-0.0340620726,0.0841780362,0.0455799751,0.0000193110
2011-08-31,USD,-0.0735945819,0.0152045374,-0.0889142158,0.1227494394,-0.0039629871,0.0000154764
2011-09-30,USD,-0.1043957256,0.0077059645,-0.1115026039,-0.1106234725,-0.1462201006,0.0000065750
2011-10-31,USD,0.1132415085,0.0012652351,0.1510111164,0.0587118747,0.0765047627,0.0000098623
2011-11-30,USD,-0.0114810457,-0.0033085922,-0.0037834639,0.0166726940,-0.0028859848,0.0000057532
2011-12-31,USD,-0.0095031517,0.0135674412,0.0051506441,-0.1066243394,-0.0289435414,0.0000054792
2012-01-31,USD,0.0547781725,0.0072560388,0.0714577355,0.1139548091,0.0368853076,0.0000213664
2012-02-29,USD,0.0494601937,-0.0001349614,0.0256894455,-0.0296497805,0.0535392080,0.0000654538
2012-03-31,USD,0.0111396849,-0.0057295770,0.0248471336,-0.0132083405,-0.0177352237,0.0000597058
2012-04-30,USD,-0.0114406637,0.0090596484,-0.0161819446,-0.0014803247,-0.0135416982,0.0000640871
2012-05-31,USD,-0.0927989512,0.0107820420,-0.0657908954,-0.0633803401,-0.1115804794,0.0000668248
2012-06-30,USD,0.0507229442,-0.0001983443,0.0505212459,0.0235457554,0.0202061192,0.0000620322
2012-07-31,USD,0.0082059085,0.0136214007,-0.0152088550,0.0083768479,0.0582523200,0.0000742175
2012-08-31,USD,0.0278091326,0.0000000995,0.0353541747,0.0493960985,0.0565138222,0.0000769540
2012-09-30,USD,0.0270569302,0.0026664167,0.0326089878,0.0467056273,-0.0038207862,0.0000732553
2012-10-31,USD,-0.0051403696,-0.0004726610,-0.0216916704,-0.0294374168,-0.0390515941,0.0000868111
2012-11-30,USD,0.0159311948,0.0027065514,0.0055127300,-0.0046754107,0.0195937360,0.0000711496
2012-12-31,USD,0.0290411560,-0.0024519065,0.0361880266,-0.0242697905,-0.0113879878,0.0000473557
2013-01-31,USD,0.0376456367,-0.0062118817,0.0623817888,-0.0050611486,0.0248378962,0.0000531901
2013-02-28,USD,-0.0010021884,0.0059084260,0.0100467208,-0.0508684684,-0.0470670331,0.0000671764
2013-03-31,USD,0.0182583665,0.0009857716,0.0465904452,0.0094771042,0.0066347632,0.0000598409
2013-04-30,USD,0.0283744687,0.0096850324,-0.0034944763,-0.0756231331,-0.0380813787,0.0000488644
2013-05-31,USD,-0.0038318979,-0.0200104864,0.0393197345,-0.0619878535,-0.0156070163,0.0000302415
2013-06-30,USD,-0.0260172332,-0.0156542554,-0.0081801368,-0.1105883943,-0.0282290505,0.0000312542
2013-07-31,USD,0.0458000445,0.0026914078,0.0733418291,0.0743010530,0.0318345315,0.0000210110
2013-08-31,USD,-0.0229490708,-0.0082642219,-0.0316418201,0.0520474842,0.0281526718,0.0000289263
2013-09-30,USD,0.0553926990,0.0112066802,0.0648908671,-0.0478383797,-0.0337584821,0.0000077256
2013-10-31,USD,0.0395027120,0.0083266235,0.0242008094,-0.0034326325,-0.0003880650,0.0000297469
2013-11-30,USD,0.0155219690,-0.0025065985,0.0395638122,-0.0551119542,-0.0093205044,0.0000452478
2013-12-31,USD,0.0206919769,-0.0055679480,0.0202115725,-0.0379452719,0.0058801430,0.0000496308
2014-01-31,USD,-0.0463378775,0.0154094882,-0.0277391640,0.0341887142,-0.0303974893,0.0000310901
2014-02-28,USD,0.0520471827,0.0037640923,0.0477886308,0.0627030280,0.0502410653,0.0000281312
2014-03-31,USD,0.0057087336,-0.0014803195,-0.0074845334,-0.0314214234,-0.0003826563,0.0000353082
2014-04-30,USD,0.0118676205,0.0082161127,-0.0374765632,0.0049348807,0.0111025766,0.0000170392
2014-05-31,USD,0.0200577459,0.0117902065,0.0078585386,-0.0305103919,-0.0143884843,0.0000179433
2014-06-30,USD,0.0181821136,-0.0005749794,0.0527200118,0.0631901765,0.0211294632,0.0000197236
2014-07-31,USD,-0.0144374365,-0.0025089183,-0.0605430669,-0.0363167302,-0.0474040201,0.0000137248
2014-08-31,USD,0.0257618659,0.0114959105,0.0482956764,0.0038090706,-0.0114534577,0.0000166832
2014-09-30,USD,-0.0331579550,-0.0061480274,-0.0592790401,-0.0617632931,-0.0723131767,0.0000105746
2014-10-31,USD,0.0120542249,0.0106408086,0.0659352066,-0.0305481064,-0.0387597366,0.0000088761
2014-11-30,USD,0.0137559714,0.0065701676,0.0011151504,-0.0048819726,-0.0851254200,0.0000081912
2014-12-31,USD,-0.0235768362,0.0014756369,0.0289293427,0.0131121328,-0.0964738794,0.0000130947
2015-01-31,USD,-0.0131624131,0.0205229149,-0.0327703990,0.0868990576,-0.0569106894,0.0000104924
2015-02-28,USD,0.0550840127,-0.0089474646,0.0594641706,-0.0590521949,0.0442527869,0.0000070407
2015-03-31,USD,-0.0146116338,0.0037472934,0.0176998126,-0.0215220379,-0.0605392193,0.0000139162
2015-04-30,USD,0.0286571856,-0.0032281648,-0.0256493300,-0.0016716737,0.0714704204,0.0000098623
2015-05-31,USD,0.0000000000,-0.0043740481,0.0223635169,0.0055521041,-0.0317116077,0.0000061641
2015-06-30,USD,-0.0257836539,-0.0107668737,0.0078294264,-0.0151621012,0.0163750841,0.0000057806
2015-07-31,USD,0.0082424387,0.0086213449,-0.0110394631,-0.0662098626,-0.1261111355,0.0000167372
2015-08-31,USD,-0.0680681895,-0.0033580302,-0.0631097599,0.0370723280,-0.0025428958,0.0000430006
2015-09-30,USD,-0.0343715008,0.0081145564,-0.0493631377,-0.0180113866,-0.0344167545,0.0000162170
2015-10-31,USD,0.0765666314,0.0006858487,0.0562270956,0.0228336368,0.0033001602,0.0000095603
2015-11-30,USD,-0.0053383605,-0.0038910907,0.0325991813,-0.0675206283,-0.0664473302,0.0000903602
2015-12-31,USD,-0.0210578035,-0.0019173712,-0.0503041404,-0.0045133349,-0.0584918510,0.0001718099
2016-01-31,USD,-0.0530275860,0.0124068981,-0.0857750925,0.0541099735,-0.0434130713,0.0001806231
2016-02-29,USD,-0.0124857259,0.0088706778,-0.0022341452,0.1093034388,-0.0023474912,0.0002472032
2016-03-31,USD,0.0739464997,0.0087469771,0.0801344932,-0.0084288605,0.0423529406,0.0002354228
2016-04-30,USD,0.0133783868,0.0025491113,0.0167225473,0.0510880837,0.0970653624,0.0001706519
2016-05-31,USD,0.0033445539,0.0001357603,0.0224041185,-0.0613829670,0.0089163459,0.0002226638
2016-06-30,USD,-0.0004972199,0.0193515494,-0.0001741331,0.0896950188,0.0435080077,0.0002071294
2016-07-31,USD,0.0377027579,0.0054442347,0.0587491148,0.0198465603,-0.0697069826,0.0002205371
2016-08-31,USD,0.0034273477,-0.0021540316,0.0178408470,-0.0325631655,0.0077031122,0.0002520885
2016-09-30,USD,0.0093936600,0.0005166114,0.0107382983,0.0068921351,0.0430854410,0.0002235148
2016-10-31,USD,-0.0191200472,-0.0081718441,-0.0459706047,-0.0294491958,-0.0033310918,0.0002584606
2016-11-30,USD,0.0103502369,-0.0256547068,0.1106331329,-0.0835657064,0.0167112762,0.0003589689
2016-12-31,USD,0.0196228221,0.0025410497,0.0288443103,-0.0191498827,0.0414201539,0.0003994349
2017-01-31,USD,0.0290686796,0.0021282808,0.0028179517,0.0541921577,-0.0056819246,0.0004323675
2017-02-28,USD,0.0251272615,0.0064585450,0.0193005358,0.0318476868,-0.0019047500,0.0003893597
2017-03-31,USD,0.0134572391,-0.0005527984,0.0002601989,-0.0042774647,-0.0324426891,0.0006125453
2017-04-30,USD,0.0161240418,0.0090703182,0.0114927421,0.0172674815,-0.0269559284,0.0005973535
2017-05-31,USD,0.0220908827,0.0068707290,-0.0197038613,-0.0012419798,-0.0141891756,0.0007873885
2017-06-30,USD,0.0078712028,-0.0001818266,0.0337442857,-0.0215553477,-0.0095956299,0.0007922106
2017-07-31,USD,0.0273322373,0.0033395630,0.0085243351,0.0231317017,0.0408303478,0.0008884915
2017-08-31,USD,0.0040133099,0.0094132076,-0.0125786107,0.0419875751,0.0039894119,0.0008518579
2017-09-30,USD,0.0188008104,-0.0057159732,0.0630416338,-0.0336989181,0.0198675744,0.0007994095
2017-10-31,USD,0.0215052653,0.0009786953,0.0072881902,-0.0074848137,0.0396105063,0.0009243609
2017-11-30,USD,0.0201990409,-0.0014833814,0.0294117748,0.0035634401,0.0093689433,0.0009904434
2017-12-31,USD,0.0145035417,0.0047515664,-0.0039851132,0.0210570032,0.0278467107,0.0010234919
2018-01-31,USD,0.0570123412,-0.0112501597,0.0255801567,0.0323493728,0.0295001127,0.0012507842
2018-02-28,USD,-0.0447506697,-0.0100874200,-0.0384365074,-0.0207599020,-0.0292395848,0.0011795786
2018-03-31,USD,-0.0149747325,0.0067115618,0.0121753436,0.0063200073,0.0228914880,0.0013234147
2018-04-30,USD,0.0040447851,-0.0094103501,0.0098135793,-0.0095397454,0.0341578829,0.0015045134
2018-05-31,USD,0.0047228766,0.0066185581,0.0616358222,-0.0119592095,0.0267653984,0.0015523999
2018-06-30,USD,-0.0058530591,0.0010263750,0.0061433523,-0.0361494476,-0.0194121548,0.0014797412
2018-07-31,USD,0.0306523660,-0.0002925847,0.0164907810,-0.0224189096,-0.0243212409,0.0016787367
2018-08-31,USD,0.0069576419,0.0056800843,0.0431058336,-0.0213811171,0.0075362495,0.0016955721
2018-09-30,USD,0.0060969021,-0.0061972191,-0.0232498308,-0.0066073472,0.0339470444,0.0016005178
2018-10-31,USD,-0.0743335783,-0.0064404817,-0.1098784584,0.0211954536,-0.0562049944,0.0019921261
2018-11-30,USD,0.0158571473,0.0077155987,0.0172631758,0.0033868813,-0.0984669107,0.0018792222
2018-12-31,USD,-0.0721015840,0.0198121317,-0.1197215052,0.0494201059,-0.0400124857,0.0019633982
2019-01-31,USD,0.0804240124,0.0091082734,0.1132190603,0.0288659794,0.0710835960,0.0019787955
2019-02-28,USD,0.0246678338,-0.0011380521,0.0517913277,-0.0060922015,0.0283504487,0.0018004168
2019-03-31,USD,0.0157682129,0.0212263306,-0.0209332035,-0.0159689956,-0.0037594533,0.0018759156
2019-04-30,USD,0.0342345098,-0.0020040174,0.0339669254,-0.0066388425,0.0119497671,0.0020507428
2019-05-31,USD,-0.0607077867,0.0191086171,-0.0785266613,0.0175742982,-0.0596644258,0.0019622979
2019-06-30,USD,0.0649042119,0.0109860194,0.0698487731,0.0800291492,0.0396562284,0.0016412821
2019-07-31,USD,0.0006785542,0.0018183095,0.0068169881,0.0000751484,-0.0114429871,0.0018676562
2019-08-31,USD,-0.0220987252,0.0278280075,-0.0493102493,0.0791231346,-0.0463022805,0.0015717412
2019-09-30,USD,0.0224590965,-0.0061215578,0.0203705472,-0.0339478601,0.0141604669,0.0015803256
2019-10-31,USD,0.0273899111,0.0020811862,0.0271573150,0.0256354697,0.0192819251,0.0013749405
2019-11-30,USD,0.0233603118,-0.0003452934,0.0406558933,-0.0320858829,-0.0013046747,0.0012038954
2019-12-31,USD,0.0344193971,-0.0004680157,0.0278656957,0.0365587789,0.0584916133,0.0013210181
2020-01-31,USD,-0.0143846782,0.0202902858,-0.0310255085,0.0449965585,-0.0858934236,0.0012696356
2020-02-29,USD,-0.0748944514,0.0158468973,-0.0884571755,-0.0063617286,-0.0665294482,0.0011485617
2020-03-31,USD,-0.1340989874,-0.0052681702,-0.2147709104,-0.0022240317,-0.1734019346,0.0002352118
2020-04-30,USD,0.0982898364,0.0171905968,0.1384765660,0.0726106030,-0.0311111089,0.0000909027
2020-05-31,USD,0.0509313236,0.0067258131,0.0659197287,0.0258816154,0.0807338357,0.0000869693
2020-06-30,USD,0.0294055095,0.0065909931,0.0342993940,0.0273770263,0.0449916027,0.0001258074
2020-07-31,USD,0.0535813302,0.0133316280,0.0291937673,0.1079046310,0.0511779368,0.0000958398
2020-08-31,USD,0.0602548420,-0.0082359181,0.0547637699,-0.0032356731,0.0463678959,0.0000761604
2020-09-30,USD,-0.0295082532,-0.0009729217,-0.0326131589,-0.0417140434,-0.0354505331,0.0000779657
2020-10-31,USD,-0.0222720370,-0.0055829558,0.0220309156,-0.0051942084,-0.0313937036,0.0000722174
2020-11-30,USD,0.1176093932,0.0120675660,0.1824416430,-0.0540862596,0.1019763416,0.0000668524
2020-12-31,USD,0.0468726074,0.0008571159,0.0864647113,0.0701386126,0.0545193403,0.0000624445
2021-01-31,USD,-0.0030863219,-0.0074456091,0.0484545755,-0.0322381699,0.0333334228,0.0000572137
2021-02-28,USD,0.0228882820,-0.0151810761,0.0620258052,-0.0625688142,0.1013824941,0.0000246536
2021-03-31,USD,0.0285375270,-0.0114631672,0.0139502846,-0.0114331059,-0.0071726980,0.0000170391
2021-04-30,USD,0.0424590473,0.0073197624,0.0178779885,0.0356338879,0.0782659337,0.0000091776
2021-05-31,USD,0.0147190471,0.0020382532,0.0027126254,0.0767837797,0.0385260898,0.0000046574
2021-06-30,USD,0.0126090116,0.0082794545,0.0186896375,-0.0714766210,0.0349462499,0.0000224627
2021-07-31,USD,0.0090916680,0.0111653237,-0.0362730964,0.0252973635,0.0129869302,0.0000342400
2021-08-31,USD,0.0217413647,-0.0020036067,0.0220311281,-0.0007655451,-0.0164102655,0.0000394164
2021-09-30,USD,-0.0422695787,-0.0091717313,-0.0288035137,-0.0322352592,0.0521376585,0.0000260509
2021-10-31,USD,0.0539429925,-0.0000873032,0.0425143255,0.0147971785,0.0579782655,0.0000335549
2021-11-30,USD,-0.0230746896,0.0027082717,-0.0433240460,-0.0069006537,-0.0875877778,0.0000358836
2021-12-31,USD,0.0388785689,-0.0035871001,0.0227152867,0.0329909771,0.0667351350,0.0000383479
2022-01-31,USD,-0.0454717790,-0.0199860491,-0.0953473056,-0.0167876127,0.0789218490,0.0001081216
2022-02-28,USD,-0.0306030716,-0.0114568312,0.0103359206,0.0612172572,0.0646744820,0.0002267165
2022-03-31,USD,0.0194114870,-0.0281218419,0.0115752812,0.0127255800,0.0917469324,0.0003519358
2022-04-30,USD,-0.0806773905,-0.0380586988,-0.0989916936,-0.0207029635,0.0564083533,0.0005705421
2022-05-31,USD,0.0044695263,0.0076057059,0.0019464800,-0.0326154777,0.0461314379,0.0008142805
2022-06-30,USD,-0.0810692399,-0.0155299821,-0.0836633029,-0.0156596511,-0.0749999829,0.0011793520
2022-07-31,USD,0.0706880153,0.0253804135,0.1056327967,-0.0258815175,-0.0198948511,0.0016665816
2022-08-31,USD,-0.0436430079,-0.0304225074,-0.0200264272,-0.0294332825,-0.0149367945,0.0022956805
2022-09-30,USD,-0.0939464353,-0.0414501395,-0.0966044957,-0.0288818106,-0.0703732267,0.0024722016
2022-10-31,USD,0.0634716165,-0.0127851325,0.1116298318,-0.0178444077,0.0506063911,0.0030345105
2022-11-30,USD,0.0833635865,0.0380848252,0.0220366006,0.0849186596,0.0147293801,0.0033124606
2022-12-31,USD,-0.0461004171,-0.0087048579,-0.0651411941,0.0293064857,-0.0271153576,0.0033858484
2023-01-31,USD,0.0750470058,0.0333025310,0.0981876715,0.0575925743,0.0089250713,0.0038531958
2023-02-28,USD,-0.0332052685,-0.0266568762,-0.0172342792,-0.0536759639,-0.0446321101,0.0034791600
2023-03-31,USD,0.0333257692,0.0264124912,-0.0484734651,0.0791612825,-0.0008417373,0.0038529226
2023-04-30,USD,0.0156865929,0.0057549892,-0.0179372484,0.0086235227,-0.0075822927,0.0036415805
2023-05-31,USD,-0.0104760724,-0.0114426488,-0.0081618638,-0.0134198901,-0.0640915340,0.0044843347
2023-06-30,USD,0.0578427995,-0.0036825449,0.0806732465,-0.0222137061,0.0294784265,0.0041174027
2023-07-31,USD,0.0359600101,-0.0001536044,0.0610883044,0.0228866424,0.0872247028,0.0043373680
2023-08-31,USD,-0.0290773206,-0.0063131385,-0.0508279669,-0.0127776351,-0.0036467510,0.0043821791
2023-09-30,USD,-0.0427979513,-0.0258957854,-0.0585359827,-0.0476058611,0.0150467465,0.0041109366
2023-10-31,USD,-0.0254411134,-0.0157064418,-0.0691411858,0.0737241156,-0.0180287748,0.0045558702
2023-11-30,USD,0.0888690223,0.0459287000,0.0920255326,0.0253137256,-0.0244797648,0.0042189901
2023-12-31,USD,0.0481282561,0.0369767004,0.1212615181,0.0128211824,-0.0329128664,0.0040528402
2024-01-31,USD,0.0027514549,-0.0015113103,-0.0390114992,-0.0142281804,0.0131578836,0.0046015015
2024-02-29,USD,0.0450758527,-0.0147458444,0.0562524541,0.0045635480,-0.0152261853,0.0040559775
2024-03-31,USD,0.0326301025,0.0090250441,0.0348699273,0.0866832385,0.0445656628,0.0039169308
2024-04-30,USD,-0.0355035465,-0.0247824499,-0.0684737162,0.0298949731,0.0161080607,0.0046219830
2024-05-31,USD,0.0457542037,0.0166957272,0.0503828589,0.0161892104,-0.0029991651,0.0043492952
2024-06-30,USD,0.0203780868,0.0088546801,-0.0112438285,-0.0013469974,-0.0017190023,0.0039197535
2024-07-31,USD,0.0153914167,0.0241919306,0.1033565769,0.0536719633,-0.0279810619,0.0045872924
2024-08-31,USD,0.0249715378,0.0146142858,-0.0168855041,0.0209224903,-0.0208148770,0.0040505433
2024-09-30,USD,0.0219695843,0.0133283620,0.0071053458,0.0508885149,0.0072365713,0.0039246841
2024-10-31,USD,-0.0209117035,-0.0251874979,-0.0141700928,0.0429934874,0.0143690659,0.0037476517
2024-11-30,USD,0.0403245491,0.0111099967,0.1107182111,-0.0312413646,-0.0199203352,0.0034317627
2024-12-31,USD,-0.0265821694,-0.0169340712,-0.0837388215,-0.0140884869,0.0172272846,0.0036589711
2025-01-31,USD,0.0314042026,0.0051599631,0.0249818046,0.0678560787,0.0275958773,0.0035005171
2025-02-28,USD,-0.0029704226,0.0223737916,-0.0522342543,0.0182162419,0.0013655422,0.0031664070
2025-03-31,USD,-0.0367459304,-0.0002626820,-0.0685410422,0.0944658589,0.0227273135,0.0034920475
2025-04-30,USD,0.0051551204,0.0043103895,-0.0232092274,0.0542443728,-0.0857778633,0.0033824240
2025-05-31,USD,0.0569279504,-0.0060689141,0.0523967411,-0.0005595777,0.0150704632,0.0034120726
2025-06-30,USD,0.0480648188,0.0145536340,0.0551842383,0.0040513190,0.0445403379,0.0035143915
2025-07-31,USD,0.0105753801,-0.0026396367,0.0166829349,-0.0061345511,0.0293443424,0.0035287713
2025-08-31,USD,0.0267775120,0.0119035438,0.0719267544,0.0498746247,-0.0106905018,0.0032118800
2025-09-30,USD,0.0359713141,0.0112678095,0.0317911669,0.1175841577,0.0144079722,0.0033705725
2025-10-31,USD,0.0229310836,0.0061544809,0.0176474367,0.0355866708,0.0155348441,0.0031798795
2025-11-30,USD,0.0004242157,0.0060571429,0.0102343549,0.0536781757,0.0078671263,0.0028382694
2025-12-31,USD,0.0089286252,-0.0027897303,-0.0070935175,0.0217335067,0.0022788158,0.0031812443
2026-01-31,USD,0.0283412218,0.0025029339,0.0548017487,0.1227322423,0.0925760124,0.0028734985
2026-02-28,USD,0.0129209205,0.0159812631,0.0067783916,0.0872007793,0.0274252995,0.0027093014
2026-03-31,USD,-0.0611344938,-0.0179454888,-0.0496111724,-0.1105116102,0.1533864671,0.0031070047
2026-04-30,USD,0.0951794969,0.0016879095,0.1208468242,-0.0154082241,0.0742659607,0.0029125228
2026-05-31,USD,0.0461924479,0.0029361837,0.0448249086,-0.0154369270,-0.0520900585,0.0028036267
2026-06-30,USD,-0.0034703057,0.0025423727,0.0369607568,-0.1168488464,-0.0956580644,0.0031464654
2026-07-31,USD,-0.0034402022,-0.0129651476,-0.0307871514,0.0085781085,0.1046511977,0.0031061190
